fc_destination_code,proxy,uvac_destination,number_of_nights,offset
AMS,US,AMS,3,7
AMS,US,AMS,3,10
AMS,US,AMS,3,13
AMS,US,AMS,3,16
AMS,US,AMS,3,19
AMS,US,AMS,3,22
AMS,US,AMS,3,25
AMS,US,AMS,3,28
AMS,US,AMS,3,31
AMS,US,AMS,3,34
AMS,US,AMS,3,37
AMS,US,AMS,3,40
AMS,US,AMS,3,43
AMS,US,AMS,3,46
AMS,US,AMS,3,49
AMS,US,AMS,3,52
AMS,US,AMS,3,55
AMS,US,AMS,3,58
AMS,US,AMS,3,61
AMS,US,AMS,3,64
AMS,US,AMS,3,67
AMS,US,AMS,3,70
AMS,US,AMS,3,73
AMS,US,AMS,3,76
AMS,US,AMS,3,79
AMS,US,AMS,3,82
AMS,US,AMS,3,85
AMS,US,AMS,3,88
AMS,US,AMS,3,91
AMS,US,AMS,3,94
AMS,US,AMS,3,97
AMS,US,AMS,3,100
AMS,US,AMS,3,103
AMS,US,AMS,3,106
AMS,US,AMS,3,109
AMS,US,AMS,3,112
AMS,US,AMS,3,115
AMS,US,AMS,3,118
AMS,US,AMS,3,121
AMS,US,AMS,3,124
AMS,US,AMS,3,127
AMS,US,AMS,3,130
AMS,US,AMS,3,133
AMS,US,AMS,3,136
AMS,US,AMS,3,139
AMS,US,AMS,3,142
AMS,US,AMS,3,145
AMS,US,AMS,3,148
AMS,US,AMS,3,151
AMS,US,AMS,3,154
AMS,US,AMS,3,157
AMS,US,AMS,3,160
AMS,US,AMS,3,163
AMS,US,AMS,3,175
AMS,US,AMS,3,187
AMS,US,AMS,3,199
AMS,US,AMS,3,230
AMS,US,AMS,3,236
AMS,US,AMS,3,242
AMS,US,AMS,3,248
AMS,US,AMS,3,254
AMS,US,AMS,3,285
AMS,US,AMS,3,316
AMS,US,AMS,3,347
AMS,US,AMS,3,378
ANU,US,ANU,6,7
ANU,US,ANU,6,13
ANU,US,ANU,6,19
ANU,US,ANU,6,25
ANU,US,ANU,6,31
ANU,US,ANU,6,37
ANU,US,ANU,6,43
ANU,US,ANU,6,49
ANU,US,ANU,6,55
ANU,US,ANU,6,61
ANU,US,ANU,6,67
ANU,US,ANU,6,73
ANU,US,ANU,6,79
ANU,US,ANU,6,85
ANU,US,ANU,6,91
ANU,US,ANU,6,97
ANU,US,ANU,6,103
ANU,US,ANU,6,109
ANU,US,ANU,6,115
ANU,US,ANU,6,121
ANU,US,ANU,6,127
ANU,US,ANU,6,133
ANU,US,ANU,6,139
ANU,US,ANU,6,145
ANU,US,ANU,6,151
ANU,US,ANU,6,157
ANU,US,ANU,6,163
ANU,US,ANU,6,169
ANU,US,ANU,6,175
ANU,US,ANU,6,181
ANU,US,ANU,6,187
ANU,US,ANU,6,193
ANU,US,ANU,6,199
ANU,US,ANU,6,205
ANU,US,ANU,6,211
ANU,US,ANU,6,217
ANU,US,ANU,6,223
ANU,US,ANU,6,229
ANU,US,ANU,6,235
ANU,US,ANU,6,241
ANU,US,ANU,6,247
ANU,US,ANU,6,253
ANU,US,ANU,6,259
ANU,US,ANU,6,265
ANU,US,ANU,6,271
ANU,US,ANU,6,277
ANU,US,ANU,6,283
ANU,US,ANU,6,289
ANU,US,ANU,6,295
ANU,US,ANU,6,301
ANU,US,ANU,6,307
ANU,US,ANU,6,313
ANU,US,ANU,6,319
ANU,US,ANU,6,325
ANU,US,ANU,6,331
ANU,US,ANU,6,337
ANU,US,ANU,6,343
ANU,US,ANU,6,349
ANU,US,ANU,6,355
ANU,US,ANU,6,361
ANU,US,ANU,6,367
ANU,US,ANU,6,373
AUA,US,AUA,6,7
AUA,US,AUA,6,13
AUA,US,AUA,6,19
AUA,US,AUA,6,25
AUA,US,AUA,6,31
AUA,US,AUA,6,37
AUA,US,AUA,6,43
AUA,US,AUA,6,49
AUA,US,AUA,6,55
AUA,US,AUA,6,61
AUA,US,AUA,6,67
AUA,US,AUA,6,73
AUA,US,AUA,6,79
AUA,US,AUA,6,85
AUA,US,AUA,6,91
AUA,US,AUA,6,97
AUA,US,AUA,6,103
AUA,US,AUA,6,109
AUA,US,AUA,6,115
AUA,US,AUA,6,121
AUA,US,AUA,6,127
AUA,US,AUA,6,133
AUA,US,AUA,6,139
AUA,US,AUA,6,145
AUA,US,AUA,6,151
AUA,US,AUA,6,157
AUA,US,AUA,6,163
AUA,US,AUA,6,169
AUA,US,AUA,6,175
AUA,US,AUA,6,181
AUA,US,AUA,6,187
AUA,US,AUA,6,193
AUA,US,AUA,6,199
AUA,US,AUA,6,205
AUA,US,AUA,6,211
AUA,US,AUA,6,217
AUA,US,AUA,6,223
AUA,US,AUA,6,229
AUA,US,AUA,6,235
AUA,US,AUA,6,241
AUA,US,AUA,6,247
AUA,US,AUA,6,253
AUA,US,AUA,6,259
AUA,US,AUA,6,265
AUA,US,AUA,6,271
AUA,US,AUA,6,277
AUA,US,AUA,6,283
AUA,US,AUA,6,289
AUA,US,AUA,6,295
AUA,US,AUA,6,301
AUA,US,AUA,6,307
AUA,US,AUA,6,313
AUA,US,AUA,6,319
AUA,US,AUA,6,325
AUA,US,AUA,6,331
AUA,US,AUA,6,337
AUA,US,AUA,6,343
AUA,US,AUA,6,349
AUA,US,AUA,6,355
AUA,US,AUA,6,361
AUA,US,AUA,6,367
AUA,US,AUA,6,373
BCN,US,BCN,3,7
BCN,US,BCN,3,10
BCN,US,BCN,3,13
BCN,US,BCN,3,16
BCN,US,BCN,3,19
BCN,US,BCN,3,22
BCN,US,BCN,3,25
BCN,US,BCN,3,28
BCN,US,BCN,3,31
BCN,US,BCN,3,34
BCN,US,BCN,3,37
BCN,US,BCN,3,40
BCN,US,BCN,3,43
BCN,US,BCN,3,46
BCN,US,BCN,3,49
BCN,US,BCN,3,52
BCN,US,BCN,3,55
BCN,US,BCN,3,58
BCN,US,BCN,3,61
BCN,US,BCN,3,64
BCN,US,BCN,3,67
BCN,US,BCN,3,70
BCN,US,BCN,3,73
BCN,US,BCN,3,76
BCN,US,BCN,3,79
BCN,US,BCN,3,82
BCN,US,BCN,3,85
BCN,US,BCN,3,88
BCN,US,BCN,3,91
BCN,US,BCN,3,94
BCN,US,BCN,3,97
BCN,US,BCN,3,100
BCN,US,BCN,3,103
BCN,US,BCN,3,106
BCN,US,BCN,3,109
BCN,US,BCN,3,112
BCN,US,BCN,3,115
BCN,US,BCN,3,118
BCN,US,BCN,3,121
BCN,US,BCN,3,124
BCN,US,BCN,3,127
BCN,US,BCN,3,130
BCN,US,BCN,3,133
BCN,US,BCN,3,136
BCN,US,BCN,3,139
BCN,US,BCN,3,142
BCN,US,BCN,3,145
BCN,US,BCN,3,148
BCN,US,BCN,3,151
BCN,US,BCN,3,154
BCN,US,BCN,3,157
BCN,US,BCN,3,160
BCN,US,BCN,3,163
BCN,US,BCN,3,168
BCN,US,BCN,3,173
BCN,US,BCN,3,178
BCN,US,BCN,3,183
BCN,US,BCN,3,188
BCN,US,BCN,3,193
BCN,US,BCN,3,224
BCN,US,BCN,3,255
BCN,US,BCN,3,286
BCN,US,BCN,3,310
BCN,US,BCN,3,334
BCN,US,BCN,3,365
BCN,US,BCN,3,396
BDA,US,BDA,5,7
BDA,US,BDA,5,12
BDA,US,BDA,5,17
BDA,US,BDA,5,22
BDA,US,BDA,5,27
BDA,US,BDA,5,32
BDA,US,BDA,5,37
BDA,US,BDA,5,42
BDA,US,BDA,5,47
BDA,US,BDA,5,52
BDA,US,BDA,5,57
BDA,US,BDA,5,62
BDA,US,BDA,5,67
BDA,US,BDA,5,72
BDA,US,BDA,5,77
BDA,US,BDA,5,82
BDA,US,BDA,5,87
BDA,US,BDA,5,92
BDA,US,BDA,5,97
BDA,US,BDA,5,102
BDA,US,BDA,5,107
BDA,US,BDA,5,112
BDA,US,BDA,5,117
BDA,US,BDA,5,122
BDA,US,BDA,5,127
BDA,US,BDA,5,132
BDA,US,BDA,5,137
BDA,US,BDA,5,142
BDA,US,BDA,5,147
BDA,US,BDA,5,152
BDA,US,BDA,5,157
BDA,US,BDA,5,162
BDA,US,BDA,5,167
BDA,US,BDA,5,172
BDA,US,BDA,5,177
BDA,US,BDA,5,182
BDA,US,BDA,5,187
BDA,US,BDA,5,192
BDA,US,BDA,5,197
BDA,US,BDA,5,202
BDA,US,BDA,5,207
BDA,US,BDA,5,212
BDA,US,BDA,5,217
BDA,US,BDA,5,222
BDA,US,BDA,5,227
BDA,US,BDA,5,232
BDA,US,BDA,5,237
BDA,US,BDA,5,242
BDA,US,BDA,5,247
BDA,US,BDA,5,252
BDA,US,BDA,5,257
BDA,US,BDA,5,262
BDA,US,BDA,5,267
BDA,US,BDA,5,272
BDA,US,BDA,5,277
BDA,US,BDA,5,282
BDA,US,BDA,5,287
BDA,US,BDA,5,292
BDA,US,BDA,5,297
BDA,US,BDA,5,302
BDA,US,BDA,5,307
BDA,US,BDA,5,312
BDA,US,BDA,5,329
BDA,US,BDA,5,346
BDA,US,BDA,5,379
BER,US,BER,4,7
BER,US,BER,4,11
BER,US,BER,4,15
BER,US,BER,4,19
BER,US,BER,4,23
BER,US,BER,4,27
BER,US,BER,4,31
BER,US,BER,4,35
BER,US,BER,4,39
BER,US,BER,4,43
BER,US,BER,4,47
BER,US,BER,4,51
BER,US,BER,4,55
BER,US,BER,4,59
BER,US,BER,4,63
BER,US,BER,4,67
BER,US,BER,4,71
BER,US,BER,4,75
BER,US,BER,4,79
BER,US,BER,4,83
BER,US,BER,4,87
BER,US,BER,4,91
BER,US,BER,4,95
BER,US,BER,4,99
BER,US,BER,4,103
BER,US,BER,4,107
BER,US,BER,4,111
BER,US,BER,4,115
BER,US,BER,4,119
BER,US,BER,4,123
BER,US,BER,4,127
BER,US,BER,4,131
BER,US,BER,4,135
BER,US,BER,4,139
BER,US,BER,4,143
BER,US,BER,4,147
BER,US,BER,4,151
BER,US,BER,4,155
BER,US,BER,4,159
BER,US,BER,4,163
BER,US,BER,4,167
BER,US,BER,4,171
BER,US,BER,4,175
BER,US,BER,4,179
BER,US,BER,4,183
BER,US,BER,4,187
BER,US,BER,4,191
BER,US,BER,4,195
BER,US,BER,4,199
BER,US,BER,4,203
BER,US,BER,4,207
BER,US,BER,4,211
BER,US,BER,4,215
BER,US,BER,4,219
BER,US,BER,4,223
BER,US,BER,4,227
BER,US,BER,4,231
BER,US,BER,4,235
BER,US,BER,4,239
BER,US,BER,4,243
BER,US,BER,4,247
BER,US,BER,4,251
BER,US,BER,4,283
BER,US,BER,4,315
BER,US,BER,4,347
BER,US,BER,4,379
RMY,US,CU3,6,7
RMY,US,CU3,6,13
RMY,US,CU3,6,19
RMY,US,CU3,6,25
RMY,US,CU3,6,31
RMY,US,CU3,6,37
RMY,US,CU3,6,43
RMY,US,CU3,6,49
RMY,US,CU3,6,55
RMY,US,CU3,6,61
RMY,US,CU3,6,67
RMY,US,CU3,6,73
RMY,US,CU3,6,79
RMY,US,CU3,6,85
RMY,US,CU3,6,91
RMY,US,CU3,6,97
RMY,US,CU3,6,103
RMY,US,CU3,6,109
RMY,US,CU3,6,115
RMY,US,CU3,6,121
RMY,US,CU3,6,127
RMY,US,CU3,6,133
RMY,US,CU3,6,139
RMY,US,CU3,6,145
RMY,US,CU3,6,151
RMY,US,CU3,6,157
RMY,US,CU3,6,163
RMY,US,CU3,6,169
RMY,US,CU3,6,175
RMY,US,CU3,6,181
RMY,US,CU3,6,187
RMY,US,CU3,6,193
RMY,US,CU3,6,199
RMY,US,CU3,6,205
RMY,US,CU3,6,211
RMY,US,CU3,6,217
RMY,US,CU3,6,223
RMY,US,CU3,6,229
RMY,US,CU3,6,235
RMY,US,CU3,6,241
RMY,US,CU3,6,247
RMY,US,CU3,6,253
RMY,US,CU3,6,259
RMY,US,CU3,6,265
RMY,US,CU3,6,271
RMY,US,CU3,6,277
RMY,US,CU3,6,283
RMY,US,CU3,6,289
RMY,US,CU3,6,295
RMY,US,CU3,6,301
RMY,US,CU3,6,307
RMY,US,CU3,6,313
RMY,US,CU3,6,319
RMY,US,CU3,6,325
RMY,US,CU3,6,331
RMY,US,CU3,6,337
RMY,US,CU3,6,343
RMY,US,CU3,6,349
RMY,US,CU3,6,355
RMY,US,CU3,6,361
RMY,US,CU3,6,367
RMY,US,CU3,6,373
CUN,US,CUN,6,7
CUN,US,CUN,6,13
CUN,US,CUN,6,19
CUN,US,CUN,6,25
CUN,US,CUN,6,31
CUN,US,CUN,6,37
CUN,US,CUN,6,43
CUN,US,CUN,6,49
CUN,US,CUN,6,55
CUN,US,CUN,6,61
CUN,US,CUN,6,67
CUN,US,CUN,6,73
CUN,US,CUN,6,79
CUN,US,CUN,6,85
CUN,US,CUN,6,91
CUN,US,CUN,6,97
CUN,US,CUN,6,103
CUN,US,CUN,6,109
CUN,US,CUN,6,115
CUN,US,CUN,6,121
CUN,US,CUN,6,127
CUN,US,CUN,6,133
CUN,US,CUN,6,139
CUN,US,CUN,6,145
CUN,US,CUN,6,151
CUN,US,CUN,6,157
CUN,US,CUN,6,163
CUN,US,CUN,6,169
CUN,US,CUN,6,175
CUN,US,CUN,6,181
CUN,US,CUN,6,187
CUN,US,CUN,6,193
CUN,US,CUN,6,199
CUN,US,CUN,6,205
CUN,US,CUN,6,211
CUN,US,CUN,6,217
CUN,US,CUN,6,223
CUN,US,CUN,6,229
CUN,US,CUN,6,235
CUN,US,CUN,6,241
CUN,US,CUN,6,247
CUN,US,CUN,6,253
CUN,US,CUN,6,259
CUN,US,CUN,6,265
CUN,US,CUN,6,271
CUN,US,CUN,6,277
CUN,US,CUN,6,283
CUN,US,CUN,6,289
CUN,US,CUN,6,295
CUN,US,CUN,6,301
CUN,US,CUN,6,307
CUN,US,CUN,6,313
CUN,US,CUN,6,319
CUN,US,CUN,6,325
CUN,US,CUN,6,331
CUN,US,CUN,6,337
CUN,US,CUN,6,343
CUN,US,CUN,6,349
CUN,US,CUN,6,355
CUN,US,CUN,6,361
CUN,US,CUN,6,367
CUN,US,CUN,6,373
CZM,US,CZM,7,7
CZM,US,CZM,7,14
CZM,US,CZM,7,21
CZM,US,CZM,7,28
CZM,US,CZM,7,35
CZM,US,CZM,7,42
CZM,US,CZM,7,49
CZM,US,CZM,7,56
CZM,US,CZM,7,63
CZM,US,CZM,7,70
CZM,US,CZM,7,77
CZM,US,CZM,7,84
CZM,US,CZM,7,91
CZM,US,CZM,7,98
CZM,US,CZM,7,105
CZM,US,CZM,7,112
CZM,US,CZM,7,119
CZM,US,CZM,7,126
CZM,US,CZM,7,133
CZM,US,CZM,7,140
CZM,US,CZM,7,147
CZM,US,CZM,7,154
CZM,US,CZM,7,161
CZM,US,CZM,7,168
CZM,US,CZM,7,175
CZM,US,CZM,7,182
CZM,US,CZM,7,189
CZM,US,CZM,7,196
CZM,US,CZM,7,203
CZM,US,CZM,7,210
CZM,US,CZM,7,217
CZM,US,CZM,7,224
CZM,US,CZM,7,231
CZM,US,CZM,7,238
CZM,US,CZM,7,245
CZM,US,CZM,7,252
CZM,US,CZM,7,259
CZM,US,CZM,7,266
CZM,US,CZM,7,273
CZM,US,CZM,7,280
CZM,US,CZM,7,287
CZM,US,CZM,7,294
CZM,US,CZM,7,301
CZM,US,CZM,7,308
CZM,US,CZM,7,315
CZM,US,CZM,7,322
CZM,US,CZM,7,329
CZM,US,CZM,7,336
CZM,US,CZM,7,343
CZM,US,CZM,7,350
CZM,US,CZM,7,357
CZM,US,CZM,7,364
CZM,US,CZM,7,371
DUB,US,DUB,3,7
DUB,US,DUB,3,10
DUB,US,DUB,3,13
DUB,US,DUB,3,16
DUB,US,DUB,3,19
DUB,US,DUB,3,22
DUB,US,DUB,3,25
DUB,US,DUB,3,28
DUB,US,DUB,3,31
DUB,US,DUB,3,34
DUB,US,DUB,3,37
DUB,US,DUB,3,40
DUB,US,DUB,3,43
DUB,US,DUB,3,46
DUB,US,DUB,3,49
DUB,US,DUB,3,52
DUB,US,DUB,3,55
DUB,US,DUB,3,58
DUB,US,DUB,3,61
DUB,US,DUB,3,64
DUB,US,DUB,3,67
DUB,US,DUB,3,70
DUB,US,DUB,3,73
DUB,US,DUB,3,76
DUB,US,DUB,3,79
DUB,US,DUB,3,82
DUB,US,DUB,3,85
DUB,US,DUB,3,88
DUB,US,DUB,3,91
DUB,US,DUB,3,94
DUB,US,DUB,3,97
DUB,US,DUB,3,100
DUB,US,DUB,3,103
DUB,US,DUB,3,106
DUB,US,DUB,3,109
DUB,US,DUB,3,112
DUB,US,DUB,3,115
DUB,US,DUB,3,118
DUB,US,DUB,3,121
DUB,US,DUB,3,124
DUB,US,DUB,3,127
DUB,US,DUB,3,130
DUB,US,DUB,3,133
DUB,US,DUB,3,136
DUB,US,DUB,3,139
DUB,US,DUB,3,142
DUB,US,DUB,3,145
DUB,US,DUB,3,148
DUB,US,DUB,3,151
DUB,US,DUB,3,154
DUB,US,DUB,3,157
DUB,US,DUB,3,160
DUB,US,DUB,3,163
DUB,US,DUB,3,167
DUB,US,DUB,3,171
DUB,US,DUB,3,175
DUB,US,DUB,3,179
DUB,US,DUB,3,183
DUB,US,DUB,3,187
DUB,US,DUB,3,191
DUB,US,DUB,3,195
DUB,US,DUB,3,226
DUB,US,DUB,3,257
DUB,US,DUB,3,288
DUB,US,DUB,3,319
DUB,US,DUB,3,350
DUB,US,DUB,3,381
EYW,US,EYW,4,7
EYW,US,EYW,4,11
EYW,US,EYW,4,15
EYW,US,EYW,4,19
EYW,US,EYW,4,23
EYW,US,EYW,4,27
EYW,US,EYW,4,31
EYW,US,EYW,4,35
EYW,US,EYW,4,39
EYW,US,EYW,4,43
EYW,US,EYW,4,47
EYW,US,EYW,4,51
EYW,US,EYW,4,55
EYW,US,EYW,4,59
EYW,US,EYW,4,63
EYW,US,EYW,4,67
EYW,US,EYW,4,71
EYW,US,EYW,4,75
EYW,US,EYW,4,79
EYW,US,EYW,4,83
EYW,US,EYW,4,87
EYW,US,EYW,4,91
EYW,US,EYW,4,95
EYW,US,EYW,4,99
EYW,US,EYW,4,103
EYW,US,EYW,4,107
EYW,US,EYW,4,111
EYW,US,EYW,4,115
EYW,US,EYW,4,119
EYW,US,EYW,4,123
EYW,US,EYW,4,127
EYW,US,EYW,4,131
EYW,US,EYW,4,135
EYW,US,EYW,4,139
EYW,US,EYW,4,143
EYW,US,EYW,4,147
EYW,US,EYW,4,151
EYW,US,EYW,4,155
EYW,US,EYW,4,159
EYW,US,EYW,4,163
EYW,US,EYW,4,167
EYW,US,EYW,4,171
EYW,US,EYW,4,175
EYW,US,EYW,4,179
EYW,US,EYW,4,183
EYW,US,EYW,4,187
EYW,US,EYW,4,191
EYW,US,EYW,4,195
EYW,US,EYW,4,199
EYW,US,EYW,4,203
EYW,US,EYW,4,207
EYW,US,EYW,4,211
EYW,US,EYW,4,215
EYW,US,EYW,4,219
EYW,US,EYW,4,223
EYW,US,EYW,4,227
EYW,US,EYW,4,231
EYW,US,EYW,4,235
EYW,US,EYW,4,239
EYW,US,EYW,4,243
EYW,US,EYW,4,247
EYW,US,EYW,4,251
EYW,US,EYW,4,283
EYW,US,EYW,4,315
EYW,US,EYW,4,347
EYW,US,EYW,4,379
FLR,US,FLR,3,7
FLR,US,FLR,3,10
FLR,US,FLR,3,13
FLR,US,FLR,3,16
FLR,US,FLR,3,19
FLR,US,FLR,3,22
FLR,US,FLR,3,25
FLR,US,FLR,3,28
FLR,US,FLR,3,31
FLR,US,FLR,3,34
FLR,US,FLR,3,37
FLR,US,FLR,3,40
FLR,US,FLR,3,43
FLR,US,FLR,3,46
FLR,US,FLR,3,49
FLR,US,FLR,3,52
FLR,US,FLR,3,55
FLR,US,FLR,3,58
FLR,US,FLR,3,61
FLR,US,FLR,3,64
FLR,US,FLR,3,67
FLR,US,FLR,3,70
FLR,US,FLR,3,73
FLR,US,FLR,3,76
FLR,US,FLR,3,79
FLR,US,FLR,3,82
FLR,US,FLR,3,85
FLR,US,FLR,3,88
FLR,US,FLR,3,91
FLR,US,FLR,3,94
FLR,US,FLR,3,97
FLR,US,FLR,3,100
FLR,US,FLR,3,103
FLR,US,FLR,3,106
FLR,US,FLR,3,109
FLR,US,FLR,3,112
FLR,US,FLR,3,115
FLR,US,FLR,3,118
FLR,US,FLR,3,121
FLR,US,FLR,3,124
FLR,US,FLR,3,127
FLR,US,FLR,3,130
FLR,US,FLR,3,133
FLR,US,FLR,3,136
FLR,US,FLR,3,139
FLR,US,FLR,3,142
FLR,US,FLR,3,145
FLR,US,FLR,3,148
FLR,US,FLR,3,151
FLR,US,FLR,3,154
FLR,US,FLR,3,157
FLR,US,FLR,3,160
FLR,US,FLR,3,163
FLR,US,FLR,3,167
FLR,US,FLR,3,171
FLR,US,FLR,3,175
FLR,US,FLR,3,179
FLR,US,FLR,3,183
FLR,US,FLR,3,187
FLR,US,FLR,3,191
FLR,US,FLR,3,195
FLR,US,FLR,3,226
FLR,US,FLR,3,257
FLR,US,FLR,3,288
FLR,US,FLR,3,319
FLR,US,FLR,3,350
FLR,US,FLR,3,381
GCM,US,GCM,6,7
GCM,US,GCM,6,13
GCM,US,GCM,6,19
GCM,US,GCM,6,25
GCM,US,GCM,6,31
GCM,US,GCM,6,37
GCM,US,GCM,6,43
GCM,US,GCM,6,49
GCM,US,GCM,6,55
GCM,US,GCM,6,61
GCM,US,GCM,6,67
GCM,US,GCM,6,73
GCM,US,GCM,6,79
GCM,US,GCM,6,85
GCM,US,GCM,6,91
GCM,US,GCM,6,97
GCM,US,GCM,6,103
GCM,US,GCM,6,109
GCM,US,GCM,6,115
GCM,US,GCM,6,121
GCM,US,GCM,6,127
GCM,US,GCM,6,133
GCM,US,GCM,6,139
GCM,US,GCM,6,145
GCM,US,GCM,6,151
GCM,US,GCM,6,157
GCM,US,GCM,6,163
GCM,US,GCM,6,169
GCM,US,GCM,6,175
GCM,US,GCM,6,181
GCM,US,GCM,6,187
GCM,US,GCM,6,193
GCM,US,GCM,6,199
GCM,US,GCM,6,205
GCM,US,GCM,6,211
GCM,US,GCM,6,217
GCM,US,GCM,6,223
GCM,US,GCM,6,229
GCM,US,GCM,6,235
GCM,US,GCM,6,241
GCM,US,GCM,6,247
GCM,US,GCM,6,253
GCM,US,GCM,6,259
GCM,US,GCM,6,265
GCM,US,GCM,6,271
GCM,US,GCM,6,277
GCM,US,GCM,6,283
GCM,US,GCM,6,289
GCM,US,GCM,6,295
GCM,US,GCM,6,301
GCM,US,GCM,6,307
GCM,US,GCM,6,313
GCM,US,GCM,6,319
GCM,US,GCM,6,325
GCM,US,GCM,6,331
GCM,US,GCM,6,337
GCM,US,GCM,6,343
GCM,US,GCM,6,349
GCM,US,GCM,6,355
GCM,US,GCM,6,361
GCM,US,GCM,6,367
GCM,US,GCM,6,373
GGT,US,GGT,6,7
GGT,US,GGT,6,13
GGT,US,GGT,6,19
GGT,US,GGT,6,25
GGT,US,GGT,6,31
GGT,US,GGT,6,37
GGT,US,GGT,6,43
GGT,US,GGT,6,49
GGT,US,GGT,6,55
GGT,US,GGT,6,61
GGT,US,GGT,6,67
GGT,US,GGT,6,73
GGT,US,GGT,6,79
GGT,US,GGT,6,85
GGT,US,GGT,6,91
GGT,US,GGT,6,97
GGT,US,GGT,6,103
GGT,US,GGT,6,109
GGT,US,GGT,6,115
GGT,US,GGT,6,121
GGT,US,GGT,6,127
GGT,US,GGT,6,133
GGT,US,GGT,6,139
GGT,US,GGT,6,145
GGT,US,GGT,6,151
GGT,US,GGT,6,157
GGT,US,GGT,6,163
GGT,US,GGT,6,169
GGT,US,GGT,6,175
GGT,US,GGT,6,181
GGT,US,GGT,6,187
GGT,US,GGT,6,193
GGT,US,GGT,6,199
GGT,US,GGT,6,205
GGT,US,GGT,6,211
GGT,US,GGT,6,217
GGT,US,GGT,6,223
GGT,US,GGT,6,229
GGT,US,GGT,6,235
GGT,US,GGT,6,241
GGT,US,GGT,6,247
GGT,US,GGT,6,253
GGT,US,GGT,6,259
GGT,US,GGT,6,265
GGT,US,GGT,6,271
GGT,US,GGT,6,277
GGT,US,GGT,6,283
GGT,US,GGT,6,289
GGT,US,GGT,6,295
GGT,US,GGT,6,301
GGT,US,GGT,6,307
GGT,US,GGT,6,313
GGT,US,GGT,6,319
GGT,US,GGT,6,325
GGT,US,GGT,6,331
GGT,US,GGT,6,337
GGT,US,GGT,6,343
GGT,US,GGT,6,349
GGT,US,GGT,6,355
GGT,US,GGT,6,361
GGT,US,GGT,6,367
GGT,US,GGT,6,373
HNL,US,HNL,4,7
HNL,US,HNL,4,11
HNL,US,HNL,4,15
HNL,US,HNL,4,19
HNL,US,HNL,4,23
HNL,US,HNL,4,27
HNL,US,HNL,4,31
HNL,US,HNL,4,35
HNL,US,HNL,4,39
HNL,US,HNL,4,43
HNL,US,HNL,4,47
HNL,US,HNL,4,51
HNL,US,HNL,4,55
HNL,US,HNL,4,59
HNL,US,HNL,4,63
HNL,US,HNL,4,67
HNL,US,HNL,4,71
HNL,US,HNL,4,75
HNL,US,HNL,4,79
HNL,US,HNL,4,83
HNL,US,HNL,4,87
HNL,US,HNL,4,91
HNL,US,HNL,4,95
HNL,US,HNL,4,99
HNL,US,HNL,4,103
HNL,US,HNL,4,107
HNL,US,HNL,4,111
HNL,US,HNL,4,115
HNL,US,HNL,4,119
HNL,US,HNL,4,123
HNL,US,HNL,4,127
HNL,US,HNL,4,131
HNL,US,HNL,4,135
HNL,US,HNL,4,139
HNL,US,HNL,4,143
HNL,US,HNL,4,147
HNL,US,HNL,4,151
HNL,US,HNL,4,155
HNL,US,HNL,4,159
HNL,US,HNL,4,163
HNL,US,HNL,4,167
HNL,US,HNL,4,171
HNL,US,HNL,4,175
HNL,US,HNL,4,179
HNL,US,HNL,4,183
HNL,US,HNL,4,187
HNL,US,HNL,4,191
HNL,US,HNL,4,195
HNL,US,HNL,4,200
HNL,US,HNL,4,205
HNL,US,HNL,4,210
HNL,US,HNL,4,215
HNL,US,HNL,4,220
HNL,US,HNL,4,230
HNL,US,HNL,4,240
HNL,US,HNL,4,250
HNL,US,HNL,4,260
HNL,US,HNL,4,266
HNL,US,HNL,4,272
HNL,US,HNL,4,278
HNL,US,HNL,4,284
HNL,US,HNL,4,316
HNL,US,HNL,4,346
HNL,US,HNL,4,378
JSC,US,JSC,6,7
JSC,US,JSC,6,13
JSC,US,JSC,6,19
JSC,US,JSC,6,25
JSC,US,JSC,6,31
JSC,US,JSC,6,37
JSC,US,JSC,6,55
JSC,US,JSC,6,73
JSC,US,JSC,6,79
JSC,US,JSC,6,85
JSC,US,JSC,6,91
JSC,US,JSC,6,97
JSC,US,JSC,6,103
JSC,US,JSC,6,109
JSC,US,JSC,6,115
JSC,US,JSC,6,121
JSC,US,JSC,6,127
JSC,US,JSC,6,133
JSC,US,JSC,6,139
JSC,US,JSC,6,145
JSC,US,JSC,6,151
JSC,US,JSC,6,157
JSC,US,JSC,6,163
JSC,US,JSC,6,197
JSC,US,JSC,6,203
JSC,US,JSC,6,209
JSC,US,JSC,6,215
JSC,US,JSC,6,221
JSC,US,JSC,6,227
JSC,US,JSC,6,233
JSC,US,JSC,6,239
JSC,US,JSC,6,245
JSC,US,JSC,6,251
JSC,US,JSC,6,257
JSC,US,JSC,6,263
JSC,US,JSC,6,269
JSC,US,JSC,6,275
JSC,US,JSC,6,281
JSC,US,JSC,6,287
JSC,US,JSC,6,293
JSC,US,JSC,6,299
JSC,US,JSC,6,305
JSC,US,JSC,6,311
JSC,US,JSC,6,317
JSC,US,JSC,6,323
JSC,US,JSC,6,329
JSC,US,JSC,6,335
JSC,US,JSC,6,341
JSC,US,JSC,6,347
JSC,US,JSC,6,353
JSC,US,JSC,6,359
JSC,US,JSC,6,365
JSC,US,JSC,6,371
WWI,US,KOA,1,7
LAS,US,LAS,4,7
LAS,US,LAS,4,11
LAS,US,LAS,4,15
LAS,US,LAS,4,19
LAS,US,LAS,4,23
LAS,US,LAS,4,27
LAS,US,LAS,4,31
LAS,US,LAS,4,35
LAS,US,LAS,4,39
LAS,US,LAS,4,43
LAS,US,LAS,4,47
LAS,US,LAS,4,51
LAS,US,LAS,4,55
LAS,US,LAS,4,59
LAS,US,LAS,4,63
LAS,US,LAS,4,67
LAS,US,LAS,4,71
LAS,US,LAS,4,75
LAS,US,LAS,4,79
LAS,US,LAS,4,83
LAS,US,LAS,4,87
LAS,US,LAS,4,91
LAS,US,LAS,4,95
LAS,US,LAS,4,99
LAS,US,LAS,4,103
LAS,US,LAS,4,107
LAS,US,LAS,4,111
LAS,US,LAS,4,115
LAS,US,LAS,4,119
LAS,US,LAS,4,123
LAS,US,LAS,4,127
LAS,US,LAS,4,131
LAS,US,LAS,4,135
LAS,US,LAS,4,139
LAS,US,LAS,4,143
LAS,US,LAS,4,147
LAS,US,LAS,4,151
LAS,US,LAS,4,155
LAS,US,LAS,4,159
LAS,US,LAS,4,163
LAS,US,LAS,4,167
LAS,US,LAS,4,171
LAS,US,LAS,4,175
LAS,US,LAS,4,179
LAS,US,LAS,4,183
LAS,US,LAS,4,187
LAS,US,LAS,4,191
LAS,US,LAS,4,195
LAS,US,LAS,4,199
LAS,US,LAS,4,203
LAS,US,LAS,4,207
LAS,US,LAS,4,211
LAS,US,LAS,4,215
LAS,US,LAS,4,219
LAS,US,LAS,4,223
LAS,US,LAS,4,227
LAS,US,LAS,4,231
LAS,US,LAS,4,235
LAS,US,LAS,4,239
LAS,US,LAS,4,243
LAS,US,LAS,4,247
LAS,US,LAS,4,251
LAS,US,LAS,4,283
LAS,US,LAS,4,315
LAS,US,LAS,4,347
LAS,US,LAS,4,379
WKU,US,LIH,1,7
MIL,US,LIN,2,7
MIL,US,LIN,2,9
MIL,US,LIN,2,11
MIL,US,LIN,2,13
MIL,US,LIN,2,15
MIL,US,LIN,2,17
MIL,US,LIN,2,19
MIL,US,LIN,2,21
MIL,US,LIN,2,23
MIL,US,LIN,2,25
MIL,US,LIN,2,27
MIL,US,LIN,2,29
MIL,US,LIN,2,31
MIL,US,LIN,2,33
MIL,US,LIN,2,35
MIL,US,LIN,2,37
MIL,US,LIN,2,39
MIL,US,LIN,2,41
MIL,US,LIN,2,43
MIL,US,LIN,2,45
MIL,US,LIN,2,47
MIL,US,LIN,2,49
MIL,US,LIN,2,51
MIL,US,LIN,2,53
MIL,US,LIN,2,55
MIL,US,LIN,2,57
MIL,US,LIN,2,59
MIL,US,LIN,2,61
MIL,US,LIN,2,63
MIL,US,LIN,2,65
MIL,US,LIN,2,67
MIL,US,LIN,2,69
MIL,US,LIN,2,71
MIL,US,LIN,2,73
MIL,US,LIN,2,75
MIL,US,LIN,2,77
MIL,US,LIN,2,79
MIL,US,LIN,2,81
MIL,US,LIN,2,83
MIL,US,LIN,2,85
MIL,US,LIN,2,87
MIL,US,LIN,2,89
MIL,US,LIN,2,91
MIL,US,LIN,2,93
MIL,US,LIN,2,95
MIL,US,LIN,2,97
MIL,US,LIN,2,99
MIL,US,LIN,2,101
MIL,US,LIN,2,103
MIL,US,LIN,2,133
MIL,US,LIN,2,135
MIL,US,LIN,2,137
MIL,US,LIN,2,139
MIL,US,LIN,2,141
MIL,US,LIN,2,143
MIL,US,LIN,2,145
MIL,US,LIN,2,147
MIL,US,LIN,2,149
MIL,US,LIN,2,151
MIL,US,LIN,2,153
MIL,US,LIN,2,155
MIL,US,LIN,2,157
MIL,US,LIN,2,159
MIL,US,LIN,2,161
MIL,US,LIN,2,163
MIL,US,LIN,2,193
MIL,US,LIN,2,223
MIL,US,LIN,2,253
MIL,US,LIN,2,283
MIL,US,LIN,2,313
MIL,US,LIN,2,343
MIL,US,LIN,2,373
MIL,US,LIN,2,403
LIR,US,LIR,6,7
LIR,US,LIR,6,13
LIR,US,LIR,6,19
LIR,US,LIR,6,25
LIR,US,LIR,6,31
LIR,US,LIR,6,37
LIR,US,LIR,6,43
LIR,US,LIR,6,49
LIR,US,LIR,6,55
LIR,US,LIR,6,61
LIR,US,LIR,6,67
LIR,US,LIR,6,73
LIR,US,LIR,6,79
LIR,US,LIR,6,85
LIR,US,LIR,6,91
LIR,US,LIR,6,97
LIR,US,LIR,6,103
LIR,US,LIR,6,109
LIR,US,LIR,6,115
LIR,US,LIR,6,121
LIR,US,LIR,6,127
LIR,US,LIR,6,133
LIR,US,LIR,6,139
LIR,US,LIR,6,145
LIR,US,LIR,6,151
LIR,US,LIR,6,157
LIR,US,LIR,6,163
LIR,US,LIR,6,169
LIR,US,LIR,6,175
LIR,US,LIR,6,181
LIR,US,LIR,6,187
LIR,US,LIR,6,193
LIR,US,LIR,6,199
LIR,US,LIR,6,205
LIR,US,LIR,6,211
LIR,US,LIR,6,217
LIR,US,LIR,6,223
LIR,US,LIR,6,229
LIR,US,LIR,6,235
LIR,US,LIR,6,241
LIR,US,LIR,6,247
LIR,US,LIR,6,253
LIR,US,LIR,6,259
LIR,US,LIR,6,265
LIR,US,LIR,6,271
LIR,US,LIR,6,277
LIR,US,LIR,6,283
LIR,US,LIR,6,289
LIR,US,LIR,6,295
LIR,US,LIR,6,301
LIR,US,LIR,6,307
LIR,US,LIR,6,313
LIR,US,LIR,6,319
LIR,US,LIR,6,325
LIR,US,LIR,6,331
LIR,US,LIR,6,337
LIR,US,LIR,6,343
LIR,US,LIR,6,349
LIR,US,LIR,6,355
LIR,US,LIR,6,361
LIR,US,LIR,6,367
LIR,US,LIR,6,373
LON,US,LON,5,7
LON,US,LON,5,12
LON,US,LON,5,17
LON,US,LON,5,22
LON,US,LON,5,27
LON,US,LON,5,32
LON,US,LON,5,37
LON,US,LON,5,42
LON,US,LON,5,47
LON,US,LON,5,52
LON,US,LON,5,57
LON,US,LON,5,62
LON,US,LON,5,67
LON,US,LON,5,72
LON,US,LON,5,77
LON,US,LON,5,82
LON,US,LON,5,87
LON,US,LON,5,92
LON,US,LON,5,97
LON,US,LON,5,102
LON,US,LON,5,107
LON,US,LON,5,112
LON,US,LON,5,117
LON,US,LON,5,122
LON,US,LON,5,127
LON,US,LON,5,132
LON,US,LON,5,137
LON,US,LON,5,142
LON,US,LON,5,147
LON,US,LON,5,152
LON,US,LON,5,157
LON,US,LON,5,162
LON,US,LON,5,167
LON,US,LON,5,172
LON,US,LON,5,177
LON,US,LON,5,182
LON,US,LON,5,187
LON,US,LON,5,192
LON,US,LON,5,197
LON,US,LON,5,202
LON,US,LON,5,207
LON,US,LON,5,212
LON,US,LON,5,217
LON,US,LON,5,222
LON,US,LON,5,227
LON,US,LON,5,232
LON,US,LON,5,237
LON,US,LON,5,242
LON,US,LON,5,247
LON,US,LON,5,252
LON,US,LON,5,257
LON,US,LON,5,262
LON,US,LON,5,267
LON,US,LON,5,272
LON,US,LON,5,277
LON,US,LON,5,282
LON,US,LON,5,287
LON,US,LON,5,292
LON,US,LON,5,297
LON,US,LON,5,302
LON,US,LON,5,307
LON,US,LON,5,312
LON,US,LON,5,327
LON,US,LON,5,342
LON,US,LON,5,375
MAD,US,MAD,3,7
MAD,US,MAD,3,10
MAD,US,MAD,3,13
MAD,US,MAD,3,16
MAD,US,MAD,3,19
MAD,US,MAD,3,22
MAD,US,MAD,3,25
MAD,US,MAD,3,28
MAD,US,MAD,3,31
MAD,US,MAD,3,34
MAD,US,MAD,3,37
MAD,US,MAD,3,40
MAD,US,MAD,3,43
MAD,US,MAD,3,46
MAD,US,MAD,3,49
MAD,US,MAD,3,52
MAD,US,MAD,3,55
MAD,US,MAD,3,58
MAD,US,MAD,3,61
MAD,US,MAD,3,64
MAD,US,MAD,3,67
MAD,US,MAD,3,70
MAD,US,MAD,3,73
MAD,US,MAD,3,76
MAD,US,MAD,3,79
MAD,US,MAD,3,82
MAD,US,MAD,3,85
MAD,US,MAD,3,88
MAD,US,MAD,3,91
MAD,US,MAD,3,94
MAD,US,MAD,3,97
MAD,US,MAD,3,100
MAD,US,MAD,3,103
MAD,US,MAD,3,106
MAD,US,MAD,3,109
MAD,US,MAD,3,112
MAD,US,MAD,3,115
MAD,US,MAD,3,118
MAD,US,MAD,3,121
MAD,US,MAD,3,124
MAD,US,MAD,3,127
MAD,US,MAD,3,130
MAD,US,MAD,3,133
MAD,US,MAD,3,136
MAD,US,MAD,3,139
MAD,US,MAD,3,142
MAD,US,MAD,3,145
MAD,US,MAD,3,148
MAD,US,MAD,3,151
MAD,US,MAD,3,154
MAD,US,MAD,3,157
MAD,US,MAD,3,160
MAD,US,MAD,3,163
MAD,US,MAD,3,167
MAD,US,MAD,3,171
MAD,US,MAD,3,175
MAD,US,MAD,3,179
MAD,US,MAD,3,183
MAD,US,MAD,3,187
MAD,US,MAD,3,191
MAD,US,MAD,3,195
MAD,US,MAD,3,226
MAD,US,MAD,3,257
MAD,US,MAD,3,288
MAD,US,MAD,3,319
MAD,US,MAD,3,350
MAD,US,MAD,3,381
MBJ,US,MBJ,6,7
MBJ,US,MBJ,6,13
MBJ,US,MBJ,6,19
MBJ,US,MBJ,6,25
MBJ,US,MBJ,6,31
MBJ,US,MBJ,6,37
MBJ,US,MBJ,6,43
MBJ,US,MBJ,6,49
MBJ,US,MBJ,6,55
MBJ,US,MBJ,6,61
MBJ,US,MBJ,6,67
MBJ,US,MBJ,6,73
MBJ,US,MBJ,6,79
MBJ,US,MBJ,6,85
MBJ,US,MBJ,6,91
MBJ,US,MBJ,6,97
MBJ,US,MBJ,6,103
MBJ,US,MBJ,6,109
MBJ,US,MBJ,6,115
MBJ,US,MBJ,6,121
MBJ,US,MBJ,6,127
MBJ,US,MBJ,6,133
MBJ,US,MBJ,6,139
MBJ,US,MBJ,6,145
MBJ,US,MBJ,6,151
MBJ,US,MBJ,6,157
MBJ,US,MBJ,6,163
MBJ,US,MBJ,6,169
MBJ,US,MBJ,6,175
MBJ,US,MBJ,6,181
MBJ,US,MBJ,6,187
MBJ,US,MBJ,6,193
MBJ,US,MBJ,6,199
MBJ,US,MBJ,6,205
MBJ,US,MBJ,6,211
MBJ,US,MBJ,6,217
MBJ,US,MBJ,6,223
MBJ,US,MBJ,6,229
MBJ,US,MBJ,6,235
MBJ,US,MBJ,6,241
MBJ,US,MBJ,6,247
MBJ,US,MBJ,6,253
MBJ,US,MBJ,6,259
MBJ,US,MBJ,6,265
MBJ,US,MBJ,6,271
MBJ,US,MBJ,6,277
MBJ,US,MBJ,6,283
MBJ,US,MBJ,6,289
MBJ,US,MBJ,6,295
MBJ,US,MBJ,6,301
MBJ,US,MBJ,6,307
MBJ,US,MBJ,6,313
MBJ,US,MBJ,6,319
MBJ,US,MBJ,6,325
MBJ,US,MBJ,6,331
MBJ,US,MBJ,6,337
MBJ,US,MBJ,6,343
MBJ,US,MBJ,6,349
MBJ,US,MBJ,6,355
MBJ,US,MBJ,6,361
MBJ,US,MBJ,6,367
MBJ,US,MBJ,6,373
MCO,US,MCO,5,7
MCO,US,MCO,5,12
MCO,US,MCO,5,17
MCO,US,MCO,5,22
MCO,US,MCO,5,27
MCO,US,MCO,5,32
MCO,US,MCO,5,37
MCO,US,MCO,5,42
MCO,US,MCO,5,47
MCO,US,MCO,5,52
MCO,US,MCO,5,57
MCO,US,MCO,5,62
MCO,US,MCO,5,67
MCO,US,MCO,5,72
MCO,US,MCO,5,77
MCO,US,MCO,5,82
MCO,US,MCO,5,87
MCO,US,MCO,5,92
MCO,US,MCO,5,97
MCO,US,MCO,5,102
MCO,US,MCO,5,107
MCO,US,MCO,5,112
MCO,US,MCO,5,117
MCO,US,MCO,5,122
MCO,US,MCO,5,127
MCO,US,MCO,5,132
MCO,US,MCO,5,137
MCO,US,MCO,5,142
MCO,US,MCO,5,147
MCO,US,MCO,5,152
MCO,US,MCO,5,157
MCO,US,MCO,5,162
MCO,US,MCO,5,167
MCO,US,MCO,5,172
MCO,US,MCO,5,177
MCO,US,MCO,5,182
MCO,US,MCO,5,187
MCO,US,MCO,5,192
MCO,US,MCO,5,197
MCO,US,MCO,5,202
MCO,US,MCO,5,207
MCO,US,MCO,5,212
MCO,US,MCO,5,217
MCO,US,MCO,5,222
MCO,US,MCO,5,227
MCO,US,MCO,5,232
MCO,US,MCO,5,237
MCO,US,MCO,5,242
MCO,US,MCO,5,247
MCO,US,MCO,5,252
MCO,US,MCO,5,257
MCO,US,MCO,5,262
MCO,US,MCO,5,267
MCO,US,MCO,5,272
MCO,US,MCO,5,277
MCO,US,MCO,5,282
MCO,US,MCO,5,287
MCO,US,MCO,5,292
MCO,US,MCO,5,297
MCO,US,MCO,5,302
MCO,US,MCO,5,307
MCO,US,MCO,5,312
MCO,US,MCO,5,326
MCO,US,MCO,5,340
MCO,US,MCO,5,354
MCO,US,MCO,5,387
MIA,US,MIA,3,7
MIA,US,MIA,3,10
MIA,US,MIA,3,13
MIA,US,MIA,3,16
MIA,US,MIA,3,19
MIA,US,MIA,3,22
MIA,US,MIA,3,25
MIA,US,MIA,3,28
MIA,US,MIA,3,31
MIA,US,MIA,3,34
MIA,US,MIA,3,37
MIA,US,MIA,3,40
MIA,US,MIA,3,43
MIA,US,MIA,3,46
MIA,US,MIA,3,49
MIA,US,MIA,3,52
MIA,US,MIA,3,55
MIA,US,MIA,3,58
MIA,US,MIA,3,61
MIA,US,MIA,3,64
MIA,US,MIA,3,67
MIA,US,MIA,3,70
MIA,US,MIA,3,73
MIA,US,MIA,3,76
MIA,US,MIA,3,79
MIA,US,MIA,3,82
MIA,US,MIA,3,85
MIA,US,MIA,3,88
MIA,US,MIA,3,91
MIA,US,MIA,3,94
MIA,US,MIA,3,97
MIA,US,MIA,3,100
MIA,US,MIA,3,103
MIA,US,MIA,3,106
MIA,US,MIA,3,109
MIA,US,MIA,3,112
MIA,US,MIA,3,115
MIA,US,MIA,3,118
MIA,US,MIA,3,121
MIA,US,MIA,3,124
MIA,US,MIA,3,127
MIA,US,MIA,3,130
MIA,US,MIA,3,133
MIA,US,MIA,3,136
MIA,US,MIA,3,139
MIA,US,MIA,3,142
MIA,US,MIA,3,145
MIA,US,MIA,3,148
MIA,US,MIA,3,151
MIA,US,MIA,3,154
MIA,US,MIA,3,157
MIA,US,MIA,3,160
MIA,US,MIA,3,163
MIA,US,MIA,3,167
MIA,US,MIA,3,171
MIA,US,MIA,3,175
MIA,US,MIA,3,179
MIA,US,MIA,3,183
MIA,US,MIA,3,187
MIA,US,MIA,3,191
MIA,US,MIA,3,195
MIA,US,MIA,3,226
MIA,US,MIA,3,257
MIA,US,MIA,3,288
MIA,US,MIA,3,319
MIA,US,MIA,3,350
MIA,US,MIA,3,381
PIL,US,NAS,1,7
NAS,US,NAS,5,7
NAS,US,NAS,5,12
NAS,US,NAS,5,17
NAS,US,NAS,5,22
NAS,US,NAS,5,27
NAS,US,NAS,5,32
NAS,US,NAS,5,37
NAS,US,NAS,5,42
NAS,US,NAS,5,47
NAS,US,NAS,5,52
NAS,US,NAS,5,57
NAS,US,NAS,5,62
NAS,US,NAS,5,67
NAS,US,NAS,5,72
NAS,US,NAS,5,77
NAS,US,NAS,5,82
NAS,US,NAS,5,87
NAS,US,NAS,5,92
NAS,US,NAS,5,97
NAS,US,NAS,5,102
NAS,US,NAS,5,107
NAS,US,NAS,5,112
NAS,US,NAS,5,117
NAS,US,NAS,5,122
NAS,US,NAS,5,127
NAS,US,NAS,5,132
NAS,US,NAS,5,137
NAS,US,NAS,5,142
NAS,US,NAS,5,147
NAS,US,NAS,5,152
NAS,US,NAS,5,157
NAS,US,NAS,5,162
NAS,US,NAS,5,167
NAS,US,NAS,5,172
NAS,US,NAS,5,177
NAS,US,NAS,5,182
NAS,US,NAS,5,187
NAS,US,NAS,5,192
NAS,US,NAS,5,197
NAS,US,NAS,5,202
NAS,US,NAS,5,207
NAS,US,NAS,5,212
NAS,US,NAS,5,217
NAS,US,NAS,5,222
NAS,US,NAS,5,227
NAS,US,NAS,5,232
NAS,US,NAS,5,237
NAS,US,NAS,5,242
NAS,US,NAS,5,247
NAS,US,NAS,5,252
NAS,US,NAS,5,257
NAS,US,NAS,5,262
NAS,US,NAS,5,267
NAS,US,NAS,5,272
NAS,US,NAS,5,277
NAS,US,NAS,5,282
NAS,US,NAS,5,287
NAS,US,NAS,5,292
NAS,US,NAS,5,297
NAS,US,NAS,5,302
NAS,US,NAS,5,307
NAS,US,NAS,5,312
NAS,US,NAS,5,327
PID,US,NAS,5,328
NAS,US,NAS,5,342
PID,US,NAS,5,344
NAS,US,NAS,5,375
PID,US,NAS,5,377
NEG,US,NEG,6,7
NEG,US,NEG,6,13
NEG,US,NEG,6,19
NEG,US,NEG,6,25
NEG,US,NEG,6,31
NEG,US,NEG,6,37
NEG,US,NEG,6,43
NEG,US,NEG,6,49
NEG,US,NEG,6,55
NEG,US,NEG,6,61
NEG,US,NEG,6,67
NEG,US,NEG,6,73
NEG,US,NEG,6,79
NEG,US,NEG,6,85
NEG,US,NEG,6,91
NEG,US,NEG,6,97
NEG,US,NEG,6,103
NEG,US,NEG,6,109
NEG,US,NEG,6,115
NEG,US,NEG,6,121
NEG,US,NEG,6,127
NEG,US,NEG,6,133
NEG,US,NEG,6,139
NEG,US,NEG,6,145
NEG,US,NEG,6,151
NEG,US,NEG,6,157
NEG,US,NEG,6,163
NEG,US,NEG,6,169
NEG,US,NEG,6,175
NEG,US,NEG,6,181
NEG,US,NEG,6,187
NEG,US,NEG,6,193
NEG,US,NEG,6,199
NEG,US,NEG,6,205
NEG,US,NEG,6,211
NEG,US,NEG,6,217
NEG,US,NEG,6,223
NEG,US,NEG,6,229
NEG,US,NEG,6,235
NEG,US,NEG,6,241
NEG,US,NEG,6,247
NEG,US,NEG,6,253
NEG,US,NEG,6,259
NEG,US,NEG,6,265
NEG,US,NEG,6,271
NEG,US,NEG,6,277
NEG,US,NEG,6,283
NEG,US,NEG,6,289
NEG,US,NEG,6,295
NEG,US,NEG,6,301
NEG,US,NEG,6,307
NEG,US,NEG,6,313
NEG,US,NEG,6,319
NEG,US,NEG,6,325
NEG,US,NEG,6,331
NEG,US,NEG,6,337
NEG,US,NEG,6,343
NEG,US,NEG,6,349
NEG,US,NEG,6,355
NEG,US,NEG,6,361
NEG,US,NEG,6,367
NEG,US,NEG,6,373
NEV,US,NEV,7,7
NEV,US,NEV,7,14
NEV,US,NEV,7,21
NEV,US,NEV,7,28
NEV,US,NEV,7,35
NEV,US,NEV,7,42
NEV,US,NEV,7,49
NEV,US,NEV,7,56
NEV,US,NEV,7,63
NEV,US,NEV,7,70
NEV,US,NEV,7,77
NEV,US,NEV,7,84
NEV,US,NEV,7,91
NEV,US,NEV,7,98
NEV,US,NEV,7,105
NEV,US,NEV,7,112
NEV,US,NEV,7,119
NEV,US,NEV,7,126
NEV,US,NEV,7,133
NEV,US,NEV,7,140
NEV,US,NEV,7,147
NEV,US,NEV,7,154
NEV,US,NEV,7,161
NEV,US,NEV,7,168
NEV,US,NEV,7,175
NEV,US,NEV,7,182
NEV,US,NEV,7,189
NEV,US,NEV,7,196
NEV,US,NEV,7,203
NEV,US,NEV,7,210
NEV,US,NEV,7,217
NEV,US,NEV,7,224
NEV,US,NEV,7,231
NEV,US,NEV,7,238
NEV,US,NEV,7,245
NEV,US,NEV,7,252
NEV,US,NEV,7,259
NEV,US,NEV,7,266
NEV,US,NEV,7,273
NEV,US,NEV,7,280
NEV,US,NEV,7,287
NEV,US,NEV,7,294
NEV,US,NEV,7,301
NEV,US,NEV,7,308
NEV,US,NEV,7,315
NEV,US,NEV,7,322
NEV,US,NEV,7,329
NEV,US,NEV,7,336
NEV,US,NEV,7,343
NEV,US,NEV,7,350
NEV,US,NEV,7,357
NEV,US,NEV,7,364
NEV,US,NEV,7,371
OCJ,US,OCJ,6,7
OCJ,US,OCJ,6,13
OCJ,US,OCJ,6,19
OCJ,US,OCJ,6,25
OCJ,US,OCJ,6,31
OCJ,US,OCJ,6,37
OCJ,US,OCJ,6,43
OCJ,US,OCJ,6,49
OCJ,US,OCJ,6,55
OCJ,US,OCJ,6,61
OCJ,US,OCJ,6,67
OCJ,US,OCJ,6,73
OCJ,US,OCJ,6,79
OCJ,US,OCJ,6,85
OCJ,US,OCJ,6,91
OCJ,US,OCJ,6,97
OCJ,US,OCJ,6,103
OCJ,US,OCJ,6,109
OCJ,US,OCJ,6,115
OCJ,US,OCJ,6,121
OCJ,US,OCJ,6,127
OCJ,US,OCJ,6,133
OCJ,US,OCJ,6,139
OCJ,US,OCJ,6,145
OCJ,US,OCJ,6,151
OCJ,US,OCJ,6,157
OCJ,US,OCJ,6,163
OCJ,US,OCJ,6,169
OCJ,US,OCJ,6,175
OCJ,US,OCJ,6,181
OCJ,US,OCJ,6,187
OCJ,US,OCJ,6,193
OCJ,US,OCJ,6,199
OCJ,US,OCJ,6,205
OCJ,US,OCJ,6,211
OCJ,US,OCJ,6,217
OCJ,US,OCJ,6,223
OCJ,US,OCJ,6,229
OCJ,US,OCJ,6,235
OCJ,US,OCJ,6,241
OCJ,US,OCJ,6,247
OCJ,US,OCJ,6,253
OCJ,US,OCJ,6,259
OCJ,US,OCJ,6,265
OCJ,US,OCJ,6,271
OCJ,US,OCJ,6,277
OCJ,US,OCJ,6,283
OCJ,US,OCJ,6,289
OCJ,US,OCJ,6,295
OCJ,US,OCJ,6,301
OCJ,US,OCJ,6,307
OCJ,US,OCJ,6,313
OCJ,US,OCJ,6,319
OCJ,US,OCJ,6,325
OCJ,US,OCJ,6,331
OCJ,US,OCJ,6,337
OCJ,US,OCJ,6,343
OCJ,US,OCJ,6,349
OCJ,US,OCJ,6,355
OCJ,US,OCJ,6,361
OCJ,US,OCJ,6,367
OCJ,US,OCJ,6,373
OGG,US,OGG,6,7
OGG,US,OGG,6,13
OGG,US,OGG,6,19
OGG,US,OGG,6,25
OGG,US,OGG,6,31
OGG,US,OGG,6,37
OGG,US,OGG,6,43
OGG,US,OGG,6,49
OGG,US,OGG,6,55
OGG,US,OGG,6,61
OGG,US,OGG,6,67
OGG,US,OGG,6,73
OGG,US,OGG,6,79
OGG,US,OGG,6,85
OGG,US,OGG,6,91
OGG,US,OGG,6,97
OGG,US,OGG,6,103
OGG,US,OGG,6,109
OGG,US,OGG,6,115
OGG,US,OGG,6,121
OGG,US,OGG,6,127
OGG,US,OGG,6,133
OGG,US,OGG,6,139
OGG,US,OGG,6,145
OGG,US,OGG,6,151
OGG,US,OGG,6,157
OGG,US,OGG,6,163
OGG,US,OGG,6,169
OGG,US,OGG,6,175
OGG,US,OGG,6,181
OGG,US,OGG,6,187
OGG,US,OGG,6,193
OGG,US,OGG,6,199
OGG,US,OGG,6,205
OGG,US,OGG,6,211
OGG,US,OGG,6,217
OGG,US,OGG,6,223
OGG,US,OGG,6,229
OGG,US,OGG,6,235
OGG,US,OGG,6,241
OGG,US,OGG,6,247
OGG,US,OGG,6,253
OGG,US,OGG,6,259
OGG,US,OGG,6,265
OGG,US,OGG,6,271
OGG,US,OGG,6,277
OGG,US,OGG,6,283
OGG,US,OGG,6,289
OGG,US,OGG,6,295
OGG,US,OGG,6,301
OGG,US,OGG,6,307
OGG,US,OGG,6,313
OGG,US,OGG,6,319
OGG,US,OGG,6,325
OGG,US,OGG,6,331
OGG,US,OGG,6,337
OGG,US,OGG,6,343
OGG,US,OGG,6,349
OGG,US,OGG,6,355
OGG,US,OGG,6,361
OGG,US,OGG,6,367
OGG,US,OGG,6,373
PAR,US,PAR,4,7
PAR,US,PAR,4,11
PAR,US,PAR,4,15
PAR,US,PAR,4,19
PAR,US,PAR,4,23
PAR,US,PAR,4,27
PAR,US,PAR,4,31
PAR,US,PAR,4,35
PAR,US,PAR,4,39
PAR,US,PAR,4,43
PAR,US,PAR,4,47
PAR,US,PAR,4,51
PAR,US,PAR,4,55
PAR,US,PAR,4,59
PAR,US,PAR,4,63
PAR,US,PAR,4,67
PAR,US,PAR,4,71
PAR,US,PAR,4,75
PAR,US,PAR,4,79
PAR,US,PAR,4,83
PAR,US,PAR,4,87
PAR,US,PAR,4,91
PAR,US,PAR,4,95
PAR,US,PAR,4,99
PAR,US,PAR,4,103
PAR,US,PAR,4,107
PAR,US,PAR,4,111
PAR,US,PAR,4,115
PAR,US,PAR,4,119
PAR,US,PAR,4,123
PAR,US,PAR,4,127
PAR,US,PAR,4,131
PAR,US,PAR,4,135
PAR,US,PAR,4,139
PAR,US,PAR,4,143
PAR,US,PAR,4,147
PAR,US,PAR,4,151
PAR,US,PAR,4,155
PAR,US,PAR,4,159
PAR,US,PAR,4,163
PAR,US,PAR,4,167
PAR,US,PAR,4,171
PAR,US,PAR,4,175
PAR,US,PAR,4,179
PAR,US,PAR,4,183
PAR,US,PAR,4,187
PAR,US,PAR,4,191
PAR,US,PAR,4,195
PAR,US,PAR,4,199
PAR,US,PAR,4,203
PAR,US,PAR,4,207
PAR,US,PAR,4,211
PAR,US,PAR,4,215
PAR,US,PAR,4,219
PAR,US,PAR,4,223
PAR,US,PAR,4,228
PAR,US,PAR,4,233
PAR,US,PAR,4,238
PAR,US,PAR,4,243
PAR,US,PAR,4,248
PAR,US,PAR,4,253
PAR,US,PAR,4,271
PAR,US,PAR,4,289
PAR,US,PAR,4,321
PAR,US,PAR,4,353
PAR,US,PAR,4,385
PLS,US,PLS,6,7
PLS,US,PLS,6,13
PLS,US,PLS,6,19
PLS,US,PLS,6,25
PLS,US,PLS,6,31
PLS,US,PLS,6,37
PLS,US,PLS,6,43
PLS,US,PLS,6,49
PLS,US,PLS,6,55
PLS,US,PLS,6,61
PLS,US,PLS,6,67
PLS,US,PLS,6,73
PLS,US,PLS,6,79
PLS,US,PLS,6,85
PLS,US,PLS,6,91
PLS,US,PLS,6,97
PLS,US,PLS,6,103
PLS,US,PLS,6,109
PLS,US,PLS,6,115
PLS,US,PLS,6,121
PLS,US,PLS,6,127
PLS,US,PLS,6,133
PLS,US,PLS,6,139
PLS,US,PLS,6,145
PLS,US,PLS,6,151
PLS,US,PLS,6,157
PLS,US,PLS,6,163
PLS,US,PLS,6,169
PLS,US,PLS,6,175
PLS,US,PLS,6,181
PLS,US,PLS,6,187
PLS,US,PLS,6,193
PLS,US,PLS,6,199
PLS,US,PLS,6,205
PLS,US,PLS,6,211
PLS,US,PLS,6,217
PLS,US,PLS,6,223
PLS,US,PLS,6,229
PLS,US,PLS,6,235
PLS,US,PLS,6,241
PLS,US,PLS,6,247
PLS,US,PLS,6,253
PLS,US,PLS,6,259
PLS,US,PLS,6,265
PLS,US,PLS,6,271
PLS,US,PLS,6,277
PLS,US,PLS,6,283
PLS,US,PLS,6,289
PLS,US,PLS,6,295
PLS,US,PLS,6,301
PLS,US,PLS,6,307
PLS,US,PLS,6,313
PLS,US,PLS,6,319
PLS,US,PLS,6,325
PLS,US,PLS,6,331
PLS,US,PLS,6,337
PLS,US,PLS,6,343
PLS,US,PLS,6,349
PLS,US,PLS,6,355
PLS,US,PLS,6,361
PLS,US,PLS,6,367
PLS,US,PLS,6,373
POP,US,POP,6,7
POP,US,POP,6,13
POP,US,POP,6,19
POP,US,POP,6,25
POP,US,POP,6,31
POP,US,POP,6,37
POP,US,POP,6,43
POP,US,POP,6,49
POP,US,POP,6,55
POP,US,POP,6,61
POP,US,POP,6,67
POP,US,POP,6,73
POP,US,POP,6,79
POP,US,POP,6,85
POP,US,POP,6,91
POP,US,POP,6,97
POP,US,POP,6,103
POP,US,POP,6,109
POP,US,POP,6,115
POP,US,POP,6,121
POP,US,POP,6,127
POP,US,POP,6,133
POP,US,POP,6,139
POP,US,POP,6,145
POP,US,POP,6,151
POP,US,POP,6,157
POP,US,POP,6,163
POP,US,POP,6,169
POP,US,POP,6,175
POP,US,POP,6,181
POP,US,POP,6,187
POP,US,POP,6,193
POP,US,POP,6,199
POP,US,POP,6,205
POP,US,POP,6,211
POP,US,POP,6,217
POP,US,POP,6,223
POP,US,POP,6,229
POP,US,POP,6,235
POP,US,POP,6,241
POP,US,POP,6,247
POP,US,POP,6,253
POP,US,POP,6,259
POP,US,POP,6,265
POP,US,POP,6,271
POP,US,POP,6,277
POP,US,POP,6,283
POP,US,POP,6,289
POP,US,POP,6,295
POP,US,POP,6,301
POP,US,POP,6,307
POP,US,POP,6,313
POP,US,POP,6,319
POP,US,POP,6,325
POP,US,POP,6,331
POP,US,POP,6,337
POP,US,POP,6,343
POP,US,POP,6,349
POP,US,POP,6,355
POP,US,POP,6,361
POP,US,POP,6,367
POP,US,POP,6,373
PUJ,US,PUJ,6,7
LRM,US,PUJ,7,7
PUJ,US,PUJ,6,13
LRM,US,PUJ,7,14
PUJ,US,PUJ,6,19
LRM,US,PUJ,7,21
PUJ,US,PUJ,6,25
LRM,US,PUJ,7,28
PUJ,US,PUJ,6,31
LRM,US,PUJ,7,35
PUJ,US,PUJ,6,37
LRM,US,PUJ,7,42
PUJ,US,PUJ,6,43
PUJ,US,PUJ,6,49
LRM,US,PUJ,7,49
PUJ,US,PUJ,6,55
LRM,US,PUJ,7,56
PUJ,US,PUJ,6,61
LRM,US,PUJ,7,63
PUJ,US,PUJ,6,67
LRM,US,PUJ,7,70
PUJ,US,PUJ,6,73
LRM,US,PUJ,7,77
PUJ,US,PUJ,6,79
LRM,US,PUJ,7,84
PUJ,US,PUJ,6,85
PUJ,US,PUJ,6,91
LRM,US,PUJ,7,91
PUJ,US,PUJ,6,97
LRM,US,PUJ,7,98
PUJ,US,PUJ,6,103
LRM,US,PUJ,7,105
PUJ,US,PUJ,6,109
LRM,US,PUJ,7,112
PUJ,US,PUJ,6,115
LRM,US,PUJ,7,119
PUJ,US,PUJ,6,121
LRM,US,PUJ,7,126
PUJ,US,PUJ,6,127
PUJ,US,PUJ,6,133
LRM,US,PUJ,7,133
PUJ,US,PUJ,6,139
LRM,US,PUJ,7,140
PUJ,US,PUJ,6,145
LRM,US,PUJ,7,147
PUJ,US,PUJ,6,151
LRM,US,PUJ,7,154
PUJ,US,PUJ,6,157
LRM,US,PUJ,7,161
PUJ,US,PUJ,6,163
LRM,US,PUJ,7,168
PUJ,US,PUJ,6,169
PUJ,US,PUJ,6,175
LRM,US,PUJ,7,175
PUJ,US,PUJ,6,181
LRM,US,PUJ,7,182
PUJ,US,PUJ,6,187
LRM,US,PUJ,7,189
PUJ,US,PUJ,6,193
LRM,US,PUJ,7,196
PUJ,US,PUJ,6,199
LRM,US,PUJ,7,203
PUJ,US,PUJ,6,205
LRM,US,PUJ,7,210
PUJ,US,PUJ,6,211
PUJ,US,PUJ,6,217
LRM,US,PUJ,7,217
PUJ,US,PUJ,6,223
LRM,US,PUJ,7,224
PUJ,US,PUJ,6,229
LRM,US,PUJ,7,231
PUJ,US,PUJ,6,235
LRM,US,PUJ,7,238
PUJ,US,PUJ,6,241
LRM,US,PUJ,7,245
PUJ,US,PUJ,6,247
LRM,US,PUJ,7,252
PUJ,US,PUJ,6,253
PUJ,US,PUJ,6,259
LRM,US,PUJ,7,259
PUJ,US,PUJ,6,265
LRM,US,PUJ,7,266
PUJ,US,PUJ,6,271
LRM,US,PUJ,7,273
PUJ,US,PUJ,6,277
LRM,US,PUJ,7,280
PUJ,US,PUJ,6,283
LRM,US,PUJ,7,287
PUJ,US,PUJ,6,289
LRM,US,PUJ,7,294
PUJ,US,PUJ,6,295
PUJ,US,PUJ,6,301
LRM,US,PUJ,7,301
PUJ,US,PUJ,6,307
LRM,US,PUJ,7,308
PUJ,US,PUJ,6,313
LRM,US,PUJ,7,315
PUJ,US,PUJ,6,319
LRM,US,PUJ,7,322
PUJ,US,PUJ,6,325
LRM,US,PUJ,7,329
PUJ,US,PUJ,6,331
LRM,US,PUJ,7,336
PUJ,US,PUJ,6,337
PUJ,US,PUJ,6,343
LRM,US,PUJ,7,343
PUJ,US,PUJ,6,349
LRM,US,PUJ,7,350
PUJ,US,PUJ,6,355
LRM,US,PUJ,7,357
PUJ,US,PUJ,6,361
LRM,US,PUJ,7,364
PUJ,US,PUJ,6,367
LRM,US,PUJ,7,371
PUJ,US,PUJ,6,373
PVR,US,PVR,6,7
RNV,US,PVR,7,7
PVR,US,PVR,6,13
RNV,US,PVR,7,15
PVR,US,PVR,6,19
RNV,US,PVR,7,23
PVR,US,PVR,6,25
PVR,US,PVR,6,31
RNV,US,PVR,7,31
PVR,US,PVR,6,37
RNV,US,PVR,7,39
PVR,US,PVR,6,43
PVR,US,PVR,6,49
PVR,US,PVR,6,55
PVR,US,PVR,6,61
PVR,US,PVR,6,67
PVR,US,PVR,6,73
RNV,US,PVR,7,74
PVR,US,PVR,6,79
PVR,US,PVR,6,85
PVR,US,PVR,6,91
PVR,US,PVR,6,97
PVR,US,PVR,6,103
PVR,US,PVR,6,109
RNV,US,PVR,7,109
PVR,US,PVR,6,115
RNV,US,PVR,7,116
PVR,US,PVR,6,121
RNV,US,PVR,7,123
PVR,US,PVR,6,127
RNV,US,PVR,7,130
PVR,US,PVR,6,133
RNV,US,PVR,7,137
PVR,US,PVR,6,139
RNV,US,PVR,7,144
PVR,US,PVR,6,145
PVR,US,PVR,6,151
RNV,US,PVR,7,151
PVR,US,PVR,6,157
RNV,US,PVR,7,158
PVR,US,PVR,6,163
RNV,US,PVR,7,165
PVR,US,PVR,6,169
RNV,US,PVR,7,172
PVR,US,PVR,6,175
RNV,US,PVR,7,179
PVR,US,PVR,6,181
RNV,US,PVR,7,186
PVR,US,PVR,6,187
PVR,US,PVR,6,193
RNV,US,PVR,7,193
PVR,US,PVR,6,199
RNV,US,PVR,7,200
PVR,US,PVR,6,205
RNV,US,PVR,7,207
PVR,US,PVR,6,211
RNV,US,PVR,7,214
PVR,US,PVR,6,217
RNV,US,PVR,7,221
PVR,US,PVR,6,223
RNV,US,PVR,7,228
PVR,US,PVR,6,229
PVR,US,PVR,6,235
RNV,US,PVR,7,235
PVR,US,PVR,6,241
RNV,US,PVR,7,242
PVR,US,PVR,6,247
RNV,US,PVR,7,249
PVR,US,PVR,6,253
RNV,US,PVR,7,256
PVR,US,PVR,6,259
RNV,US,PVR,7,263
PVR,US,PVR,6,265
RNV,US,PVR,7,270
PVR,US,PVR,6,271
PVR,US,PVR,6,277
RNV,US,PVR,7,277
PVR,US,PVR,6,283
RNV,US,PVR,7,284
PVR,US,PVR,6,289
RNV,US,PVR,7,291
PVR,US,PVR,6,295
RNV,US,PVR,7,298
PVR,US,PVR,6,301
RNV,US,PVR,7,305
PVR,US,PVR,6,307
RNV,US,PVR,7,312
PVR,US,PVR,6,313
PVR,US,PVR,6,319
RNV,US,PVR,7,319
PVR,US,PVR,6,325
RNV,US,PVR,7,326
PVR,US,PVR,6,331
RNV,US,PVR,7,333
PVR,US,PVR,6,337
RNV,US,PVR,7,340
PVR,US,PVR,6,343
RNV,US,PVR,7,347
PVR,US,PVR,6,349
RNV,US,PVR,7,354
PVR,US,PVR,6,355
PVR,US,PVR,6,361
RNV,US,PVR,7,361
PVR,US,PVR,6,367
RNV,US,PVR,7,368
PVR,US,PVR,6,373
RNV,US,PVR,7,375
ROM,US,ROM,3,7
ROM,US,ROM,3,10
ROM,US,ROM,3,13
ROM,US,ROM,3,16
ROM,US,ROM,3,19
ROM,US,ROM,3,22
ROM,US,ROM,3,25
ROM,US,ROM,3,28
ROM,US,ROM,3,31
ROM,US,ROM,3,34
ROM,US,ROM,3,37
ROM,US,ROM,3,40
ROM,US,ROM,3,43
ROM,US,ROM,3,46
ROM,US,ROM,3,49
ROM,US,ROM,3,52
ROM,US,ROM,3,55
ROM,US,ROM,3,58
ROM,US,ROM,3,61
ROM,US,ROM,3,64
ROM,US,ROM,3,67
ROM,US,ROM,3,70
ROM,US,ROM,3,73
ROM,US,ROM,3,76
ROM,US,ROM,3,79
ROM,US,ROM,3,82
ROM,US,ROM,3,85
ROM,US,ROM,3,88
ROM,US,ROM,3,91
ROM,US,ROM,3,94
ROM,US,ROM,3,97
ROM,US,ROM,3,100
ROM,US,ROM,3,103
ROM,US,ROM,3,106
ROM,US,ROM,3,109
ROM,US,ROM,3,112
ROM,US,ROM,3,115
ROM,US,ROM,3,118
ROM,US,ROM,3,121
ROM,US,ROM,3,124
ROM,US,ROM,3,127
ROM,US,ROM,3,130
ROM,US,ROM,3,133
ROM,US,ROM,3,136
ROM,US,ROM,3,139
ROM,US,ROM,3,142
ROM,US,ROM,3,145
ROM,US,ROM,3,148
ROM,US,ROM,3,151
ROM,US,ROM,3,154
ROM,US,ROM,3,157
ROM,US,ROM,3,160
ROM,US,ROM,3,163
ROM,US,ROM,3,167
ROM,US,ROM,3,171
ROM,US,ROM,3,175
ROM,US,ROM,3,179
ROM,US,ROM,3,183
ROM,US,ROM,3,187
ROM,US,ROM,3,191
ROM,US,ROM,3,195
ROM,US,ROM,3,226
ROM,US,ROM,3,257
ROM,US,ROM,3,288
ROM,US,ROM,3,319
ROM,US,ROM,3,350
ROM,US,ROM,3,381
SFO,US,SFO,3,7
SFO,US,SFO,3,10
SFO,US,SFO,3,13
SFO,US,SFO,3,16
SFO,US,SFO,3,19
SFO,US,SFO,3,22
SFO,US,SFO,3,25
SFO,US,SFO,3,28
SFO,US,SFO,3,31
SFO,US,SFO,3,34
SFO,US,SFO,3,37
SFO,US,SFO,3,40
SFO,US,SFO,3,43
SFO,US,SFO,3,46
SFO,US,SFO,3,49
SFO,US,SFO,3,52
SFO,US,SFO,3,55
SFO,US,SFO,3,58
SFO,US,SFO,3,61
SFO,US,SFO,3,64
SFO,US,SFO,3,67
SFO,US,SFO,3,70
SFO,US,SFO,3,73
SFO,US,SFO,3,76
SFO,US,SFO,3,79
SFO,US,SFO,3,82
SFO,US,SFO,3,85
SFO,US,SFO,3,88
SFO,US,SFO,3,91
SFO,US,SFO,3,94
SFO,US,SFO,3,97
SFO,US,SFO,3,100
SFO,US,SFO,3,103
SFO,US,SFO,3,106
SFO,US,SFO,3,109
SFO,US,SFO,3,112
SFO,US,SFO,3,115
SFO,US,SFO,3,118
SFO,US,SFO,3,121
SFO,US,SFO,3,124
SFO,US,SFO,3,127
SFO,US,SFO,3,130
SFO,US,SFO,3,133
SFO,US,SFO,3,136
SFO,US,SFO,3,139
SFO,US,SFO,3,142
SFO,US,SFO,3,145
SFO,US,SFO,3,148
SFO,US,SFO,3,151
SFO,US,SFO,3,154
SFO,US,SFO,3,157
SFO,US,SFO,3,160
SFO,US,SFO,3,163
SFO,US,SFO,3,167
SFO,US,SFO,3,171
SFO,US,SFO,3,175
SFO,US,SFO,3,179
SFO,US,SFO,3,183
SFO,US,SFO,3,187
SFO,US,SFO,3,191
SFO,US,SFO,3,195
SFO,US,SFO,3,226
SFO,US,SFO,3,257
SFO,US,SFO,3,288
SFO,US,SFO,3,319
SFO,US,SFO,3,350
SFO,US,SFO,3,381
SJD,US,SJD,6,7
SJD,US,SJD,6,13
SJD,US,SJD,6,19
SJD,US,SJD,6,25
SJD,US,SJD,6,31
SJD,US,SJD,6,37
SJD,US,SJD,6,43
SJD,US,SJD,6,49
SJD,US,SJD,6,55
SJD,US,SJD,6,61
SJD,US,SJD,6,67
SJD,US,SJD,6,73
SJD,US,SJD,6,79
SJD,US,SJD,6,85
SJD,US,SJD,6,91
SJD,US,SJD,6,97
SJD,US,SJD,6,103
SJD,US,SJD,6,109
SJD,US,SJD,6,115
SJD,US,SJD,6,121
SJD,US,SJD,6,127
SJD,US,SJD,6,133
SJD,US,SJD,6,139
SJD,US,SJD,6,145
SJD,US,SJD,6,151
SJD,US,SJD,6,157
SJD,US,SJD,6,163
SJD,US,SJD,6,169
SJD,US,SJD,6,175
SJD,US,SJD,6,181
SJD,US,SJD,6,187
SJD,US,SJD,6,193
SJD,US,SJD,6,199
SJD,US,SJD,6,205
SJD,US,SJD,6,211
SJD,US,SJD,6,217
SJD,US,SJD,6,223
SJD,US,SJD,6,229
SJD,US,SJD,6,235
SJD,US,SJD,6,241
SJD,US,SJD,6,247
SJD,US,SJD,6,253
SJD,US,SJD,6,259
SJD,US,SJD,6,265
SJD,US,SJD,6,271
SJD,US,SJD,6,277
SJD,US,SJD,6,283
SJD,US,SJD,6,289
SJD,US,SJD,6,295
SJD,US,SJD,6,301
SJD,US,SJD,6,307
SJD,US,SJD,6,313
SJD,US,SJD,6,319
SJD,US,SJD,6,325
SJD,US,SJD,6,331
SJD,US,SJD,6,337
SJD,US,SJD,6,343
SJD,US,SJD,6,349
SJD,US,SJD,6,355
SJD,US,SJD,6,361
SJD,US,SJD,6,367
SJD,US,SJD,6,373
SJF,US,SJF,6,7
SJF,US,SJF,6,41
SJF,US,SJF,6,75
SJF,US,SJF,6,109
SJF,US,SJF,6,143
SJF,US,SJF,6,177
SJF,US,SJF,6,211
SJF,US,SJF,6,245
SJF,US,SJF,6,279
SJF,US,SJF,6,285
SJF,US,SJF,6,291
SJF,US,SJF,6,297
SJF,US,SJF,6,303
SJF,US,SJF,6,309
SJF,US,SJF,6,315
SJF,US,SJF,6,321
SJF,US,SJF,6,327
SJF,US,SJF,6,333
SJF,US,SJF,6,339
SJF,US,SJF,6,345
SJF,US,SJF,6,351
SJF,US,SJF,6,357
SJF,US,SJF,6,363
SJF,US,SJF,6,369
SJF,US,SJF,6,375
SJU,US,SJU,5,7
SJU,US,SJU,5,12
SJU,US,SJU,5,17
SJU,US,SJU,5,22
SJU,US,SJU,5,27
SJU,US,SJU,5,32
SJU,US,SJU,5,37
SJU,US,SJU,5,42
SJU,US,SJU,5,47
SJU,US,SJU,5,52
SJU,US,SJU,5,57
SJU,US,SJU,5,62
SJU,US,SJU,5,67
SJU,US,SJU,5,72
SJU,US,SJU,5,77
SJU,US,SJU,5,82
SJU,US,SJU,5,87
SJU,US,SJU,5,92
SJU,US,SJU,5,97
SJU,US,SJU,5,102
SJU,US,SJU,5,107
SJU,US,SJU,5,112
SJU,US,SJU,5,117
SJU,US,SJU,5,122
SJU,US,SJU,5,127
SJU,US,SJU,5,132
SJU,US,SJU,5,137
SJU,US,SJU,5,142
SJU,US,SJU,5,147
SJU,US,SJU,5,152
SJU,US,SJU,5,157
SJU,US,SJU,5,162
SJU,US,SJU,5,167
SJU,US,SJU,5,172
SJU,US,SJU,5,177
SJU,US,SJU,5,182
SJU,US,SJU,5,187
SJU,US,SJU,5,192
SJU,US,SJU,5,197
SJU,US,SJU,5,202
SJU,US,SJU,5,207
SJU,US,SJU,5,212
SJU,US,SJU,5,217
SJU,US,SJU,5,222
SJU,US,SJU,5,227
SJU,US,SJU,5,232
SJU,US,SJU,5,237
SJU,US,SJU,5,242
SJU,US,SJU,5,247
SJU,US,SJU,5,252
SJU,US,SJU,5,257
SJU,US,SJU,5,262
SJU,US,SJU,5,267
SJU,US,SJU,5,272
SJU,US,SJU,5,277
SJU,US,SJU,5,282
SJU,US,SJU,5,287
SJU,US,SJU,5,292
SJU,US,SJU,5,297
SJU,US,SJU,5,302
SJU,US,SJU,5,307
SJU,US,SJU,5,312
SJU,US,SJU,5,327
SJU,US,SJU,5,342
SJU,US,SJU,5,375
STT,US,STT,6,7
STT,US,STT,6,13
STT,US,STT,6,19
STT,US,STT,6,25
STT,US,STT,6,31
STT,US,STT,6,37
STT,US,STT,6,43
STT,US,STT,6,49
STT,US,STT,6,55
STT,US,STT,6,61
STT,US,STT,6,67
STT,US,STT,6,73
STT,US,STT,6,79
STT,US,STT,6,85
STT,US,STT,6,91
STT,US,STT,6,97
STT,US,STT,6,103
STT,US,STT,6,109
STT,US,STT,6,115
STT,US,STT,6,121
STT,US,STT,6,127
STT,US,STT,6,133
STT,US,STT,6,139
STT,US,STT,6,145
STT,US,STT,6,151
STT,US,STT,6,157
STT,US,STT,6,163
STT,US,STT,6,169
STT,US,STT,6,175
STT,US,STT,6,181
STT,US,STT,6,187
STT,US,STT,6,193
STT,US,STT,6,199
STT,US,STT,6,205
STT,US,STT,6,211
STT,US,STT,6,217
STT,US,STT,6,223
STT,US,STT,6,229
STT,US,STT,6,235
STT,US,STT,6,241
STT,US,STT,6,247
STT,US,STT,6,253
STT,US,STT,6,259
STT,US,STT,6,265
STT,US,STT,6,271
STT,US,STT,6,277
STT,US,STT,6,283
STT,US,STT,6,289
STT,US,STT,6,295
STT,US,STT,6,301
STT,US,STT,6,307
STT,US,STT,6,313
STT,US,STT,6,319
STT,US,STT,6,325
STT,US,STT,6,331
STT,US,STT,6,337
STT,US,STT,6,343
STT,US,STT,6,349
STT,US,STT,6,355
STT,US,STT,6,361
STT,US,STT,6,367
STT,US,STT,6,373
STX,US,STX,6,7
STX,US,STX,6,13
STX,US,STX,6,19
STX,US,STX,6,25
STX,US,STX,6,31
STX,US,STX,6,37
STX,US,STX,6,43
STX,US,STX,6,49
STX,US,STX,6,55
STX,US,STX,6,61
STX,US,STX,6,67
STX,US,STX,6,73
STX,US,STX,6,79
STX,US,STX,6,85
STX,US,STX,6,91
STX,US,STX,6,97
STX,US,STX,6,103
STX,US,STX,6,115
STX,US,STX,6,127
STX,US,STX,6,139
STX,US,STX,6,173
STX,US,STX,6,207
STX,US,STX,6,241
STX,US,STX,6,247
STX,US,STX,6,253
STX,US,STX,6,259
STX,US,STX,6,265
STX,US,STX,6,271
STX,US,STX,6,277
STX,US,STX,6,283
STX,US,STX,6,289
STX,US,STX,6,295
STX,US,STX,6,301
STX,US,STX,6,307
STX,US,STX,6,313
STX,US,STX,6,319
STX,US,STX,6,325
STX,US,STX,6,331
STX,US,STX,6,337
STX,US,STX,6,343
STX,US,STX,6,349
STX,US,STX,6,355
STX,US,STX,6,361
STX,US,STX,6,367
STX,US,STX,6,373
SXM,US,SXM,6,7
SXM,US,SXM,6,13
SXM,US,SXM,6,19
SXM,US,SXM,6,25
SXM,US,SXM,6,31
SXM,US,SXM,6,37
SXM,US,SXM,6,43
SXM,US,SXM,6,49
SXM,US,SXM,6,55
SXM,US,SXM,6,61
SXM,US,SXM,6,67
SXM,US,SXM,6,73
SXM,US,SXM,6,79
SXM,US,SXM,6,85
SXM,US,SXM,6,91
SXM,US,SXM,6,97
SXM,US,SXM,6,103
SXM,US,SXM,6,109
SXM,US,SXM,6,115
SXM,US,SXM,6,121
SXM,US,SXM,6,127
SXM,US,SXM,6,133
SXM,US,SXM,6,139
SXM,US,SXM,6,145
SXM,US,SXM,6,151
SXM,US,SXM,6,157
SXM,US,SXM,6,163
SXM,US,SXM,6,169
SXM,US,SXM,6,175
SXM,US,SXM,6,181
SXM,US,SXM,6,187
SXM,US,SXM,6,193
SXM,US,SXM,6,199
SXM,US,SXM,6,205
SXM,US,SXM,6,211
SXM,US,SXM,6,217
SXM,US,SXM,6,223
SXM,US,SXM,6,229
SXM,US,SXM,6,235
SXM,US,SXM,6,241
SXM,US,SXM,6,247
SXM,US,SXM,6,253
SXM,US,SXM,6,259
SXM,US,SXM,6,265
SXM,US,SXM,6,271
SXM,US,SXM,6,277
SXM,US,SXM,6,283
SXM,US,SXM,6,289
SXM,US,SXM,6,295
SXM,US,SXM,6,301
SXM,US,SXM,6,307
SXM,US,SXM,6,313
SXM,US,SXM,6,319
SXM,US,SXM,6,325
SXM,US,SXM,6,331
SXM,US,SXM,6,337
SXM,US,SXM,6,343
SXM,US,SXM,6,349
SXM,US,SXM,6,355
SXM,US,SXM,6,361
SXM,US,SXM,6,367
SXM,US,SXM,6,373
SLU,US,UVF,7,7
SLU,US,UVF,7,14
SLU,US,UVF,7,21
SLU,US,UVF,7,28
SLU,US,UVF,7,35
SLU,US,UVF,7,42
SLU,US,UVF,7,49
SLU,US,UVF,7,56
SLU,US,UVF,7,63
SLU,US,UVF,7,70
SLU,US,UVF,7,77
SLU,US,UVF,7,84
SLU,US,UVF,7,91
SLU,US,UVF,7,98
SLU,US,UVF,7,105
SLU,US,UVF,7,112
SLU,US,UVF,7,119
SLU,US,UVF,7,126
SLU,US,UVF,7,133
SLU,US,UVF,7,140
SLU,US,UVF,7,147
SLU,US,UVF,7,154
SLU,US,UVF,7,161
SLU,US,UVF,7,168
SLU,US,UVF,7,175
SLU,US,UVF,7,182
SLU,US,UVF,7,189
SLU,US,UVF,7,196
SLU,US,UVF,7,203
SLU,US,UVF,7,210
SLU,US,UVF,7,217
SLU,US,UVF,7,224
SLU,US,UVF,7,231
SLU,US,UVF,7,238
SLU,US,UVF,7,245
SLU,US,UVF,7,252
SLU,US,UVF,7,259
SLU,US,UVF,7,266
SLU,US,UVF,7,273
SLU,US,UVF,7,280
SLU,US,UVF,7,287
SLU,US,UVF,7,294
SLU,US,UVF,7,301
SLU,US,UVF,7,308
SLU,US,UVF,7,315
SLU,US,UVF,7,322
SLU,US,UVF,7,329
SLU,US,UVF,7,336
SLU,US,UVF,7,343
SLU,US,UVF,7,350
SLU,US,UVF,7,357
SLU,US,UVF,7,364
SLU,US,UVF,7,371
VCE,US,VCE,2,7
VCE,US,VCE,2,9
VCE,US,VCE,2,11
VCE,US,VCE,2,13
VCE,US,VCE,2,15
VCE,US,VCE,2,17
VCE,US,VCE,2,19
VCE,US,VCE,2,21
VCE,US,VCE,2,23
VCE,US,VCE,2,25
VCE,US,VCE,2,27
VCE,US,VCE,2,29
VCE,US,VCE,2,31
VCE,US,VCE,2,33
VCE,US,VCE,2,35
VCE,US,VCE,2,37
VCE,US,VCE,2,39
VCE,US,VCE,2,41
VCE,US,VCE,2,43
VCE,US,VCE,2,45
VCE,US,VCE,2,47
VCE,US,VCE,2,49
VCE,US,VCE,2,51
VCE,US,VCE,2,53
VCE,US,VCE,2,55
VCE,US,VCE,2,57
VCE,US,VCE,2,59
VCE,US,VCE,2,61
VCE,US,VCE,2,63
VCE,US,VCE,2,65
VCE,US,VCE,2,67
VCE,US,VCE,2,69
VCE,US,VCE,2,71
VCE,US,VCE,2,73
VCE,US,VCE,2,75
VCE,US,VCE,2,77
VCE,US,VCE,2,79
VCE,US,VCE,2,81
VCE,US,VCE,2,83
VCE,US,VCE,2,85
VCE,US,VCE,2,87
VCE,US,VCE,2,89
VCE,US,VCE,2,91
VCE,US,VCE,2,93
VCE,US,VCE,2,95
VCE,US,VCE,2,97
VCE,US,VCE,2,99
VCE,US,VCE,2,101
VCE,US,VCE,2,103
VCE,US,VCE,2,106
VCE,US,VCE,2,109
VCE,US,VCE,2,112
VCE,US,VCE,2,115
VCE,US,VCE,2,118
VCE,US,VCE,2,121
VCE,US,VCE,2,124
VCE,US,VCE,2,127
VCE,US,VCE,2,130
VCE,US,VCE,2,133
VCE,US,VCE,2,150
VCE,US,VCE,2,167
VCE,US,VCE,2,197
VCE,US,VCE,2,227
VCE,US,VCE,2,257
VCE,US,VCE,2,274
VCE,US,VCE,2,291
VCE,US,VCE,2,321
VCE,US,VCE,2,351
VCE,US,VCE,2,381
WDQ,US,WDW,6,7
WDQ,US,WDW,6,13
WDQ,US,WDW,6,19
WDQ,US,WDW,6,25
WDQ,US,WDW,6,31
WDQ,US,WDW,6,37
WDQ,US,WDW,6,43
WDQ,US,WDW,6,49
WDQ,US,WDW,6,55
WDQ,US,WDW,6,61
WDQ,US,WDW,6,67
WDQ,US,WDW,6,73
WDQ,US,WDW,6,79
WDQ,US,WDW,6,85
WDQ,US,WDW,6,91
WDQ,US,WDW,6,97
WDQ,US,WDW,6,103
WDQ,US,WDW,6,109
WDQ,US,WDW,6,115
WDQ,US,WDW,6,121
WDQ,US,WDW,6,127
WDQ,US,WDW,6,133
WDQ,US,WDW,6,139
WDQ,US,WDW,6,145
WDQ,US,WDW,6,151
WDQ,US,WDW,6,157
WDQ,US,WDW,6,163
WDQ,US,WDW,6,169
WDQ,US,WDW,6,175
WDQ,US,WDW,6,181
WDQ,US,WDW,6,187
WDQ,US,WDW,6,193
WDQ,US,WDW,6,199
WDQ,US,WDW,6,205
WDQ,US,WDW,6,211
WDQ,US,WDW,6,217
WDQ,US,WDW,6,223
WDQ,US,WDW,6,229
WDQ,US,WDW,6,235
WDQ,US,WDW,6,241
WDQ,US,WDW,6,247
WDQ,US,WDW,6,253
WDQ,US,WDW,6,259
WDQ,US,WDW,6,265
WDQ,US,WDW,6,271
WDQ,US,WDW,6,277
WDQ,US,WDW,6,283
WDQ,US,WDW,6,289
WDQ,US,WDW,6,295
WDQ,US,WDW,6,301
WDQ,US,WDW,6,307
WDQ,US,WDW,6,313
WDQ,US,WDW,6,319
WDQ,US,WDW,6,325
WDQ,US,WDW,6,331
WDQ,US,WDW,6,337
WDQ,US,WDW,6,343
WDQ,US,WDW,6,349
WDQ,US,WDW,6,355
WDQ,US,WDW,6,361
WDQ,US,WDW,6,367
WDQ,US,WDW,6,373
